role_id,role_name,industry,domain,role_description,entry_level,minimum_experience_years,average_salary_lpa,market_demand_score,competition_score,growth_score,automation_risk_score,preparation_months,coding_intensity,mathematics_intensity,communication_intensity,work_life_balance,remote_opportunity,work_mode,travel_required,client_interaction,leadership_required,networking_required,shift_type,required_skills,preferred_skills,recommended_certifications,portfolio_required,future_growth_roles,role_characteristics
1,Data Analyst,Information Technology,Data Analytics,"Collects, cleans, analyzes and visualizes business data for decision making.",Yes,0,6.5,88,75,90,25,6,3,3,4,4,High,Hybrid,No,Medium,No,Low,Day,Python|SQL|Pandas|Excel|Power BI,Statistics|Git|Tableau,Google Data Analytics|PL-300,Yes,Senior Data Analyst|Analytics Engineer|Data Scientist,"['Analytical Thinking', 'Business Problem Solving', 'Data Visualization', 'Office Work', 'Low Travel']"
2,Business Analyst,Information Technology,Business Analytics,Bridges business requirements and technical teams using data-driven insights.,Yes,0,7.0,84,72,85,30,5,2,2,5,4,Medium,Hybrid,Low,High,No,Medium,Day,Excel|SQL|Power BI,Python|Presentation Skills|Business Understanding,ECBA,Yes,Senior Business Analyst|Product Manager,"['Business Communication', 'Requirement Gathering', 'Client Interaction', 'Presentation', 'Process Improvement']"
3,Business Intelligence Analyst,Information Technology,Business Intelligence,Designs dashboards and business reports for organizational decision making.,Yes,0,7.5,82,70,86,22,6,2,2,4,4,High,Hybrid,No,Medium,No,Medium,Day,SQL|Power BI|Excel,Python|Tableau,PL-300,Yes,Senior BI Analyst|Analytics Manager,"['Machine Learning', 'Statistics', 'Research', 'Problem Solving', 'Model Development']"
4,Product Analyst,Information Technology,Product Analytics,Analyzes product usage data and user behavior to improve products.,Yes,0,8.5,80,76,88,20,7,3,3,5,4,High,Hybrid,No,High,No,Medium,Day,SQL|Python|Excel|Statistics,Power BI|Tableau|Business Understanding,Google Analytics,Yes,Senior Product Analyst|Product Manager,Model Deployment|Deep Learning|Python Development|AI Systems|Automation
5,Analytics Engineer,Information Technology,Analytics Engineering,Builds reliable analytics datasets and bridges data engineering with analytics.,No,1,11.0,78,82,92,18,10,4,3,3,4,High,Hybrid,No,Low,No,Medium,Day,Python|SQL|ETL Pipelines|Data Warehousing,Apache Spark|Git|Docker,dbt Fundamentals,Yes,Senior Analytics Engineer|Data Engineer,Data Modeling|ETL Development|Analytics Engineering|SQL|Cloud Analytics
6,Data Engineer,Information Technology,Data Engineering,"Designs, builds and maintains scalable data pipelines and data platforms.",No,1,10.5,90,84,94,12,10,5,2,3,4,High,Hybrid,No,Low,No,Medium,Day,Python|SQL|Apache Spark|ETL Pipelines|Data Warehousing,Kafka|AWS|Docker,AWS Data Engineer,Yes,Senior Data Engineer|Data Architect,Data Pipelines|ETL Development|Big Data|Database Systems|Cloud Computing
7,Data Scientist,Information Technology,Data Science,Develops statistical and machine learning models to solve business problems.,No,1,12.0,89,91,95,10,12,5,5,3,4,High,Hybrid,No,Medium,No,Medium,Day,Python|SQL|Pandas|Scikit-learn|Statistics|Feature Engineering,TensorFlow|PyTorch|Docker,TensorFlow Developer,Yes,Senior Data Scientist|ML Engineer|AI Engineer,Machine Learning|Statistics|Research|Problem Solving|Model Development
8,Machine Learning Engineer,Information Technology,Machine Learning,"Builds, deploys and maintains machine learning systems in production.",No,1,13.0,88,93,96,8,12,5,5,3,4,High,Hybrid,No,Low,No,Medium,Day,Python|Scikit-learn|TensorFlow|PyTorch|Model Deployment,Docker|AWS|MLflow,AWS Machine Learning Specialty,Yes,Senior ML Engineer|AI Engineer,Model Deployment|Deep Learning|Python Development|AI Systems|Automation
9,Software Engineer,Information Technology,Software Development,"Designs, develops and maintains software applications.",Yes,0,7.5,92,88,90,18,8,5,3,3,3,High,Hybrid,No,Low,No,Medium,Day,Python|Java|C++|Git|SQL,Docker|Linux,AWS Cloud Practitioner|Oracle Java SE,Yes,Senior Software Engineer|Tech Lead|Engineering Manager,Software Development|Problem Solving|System Design|Coding|Team Collaboration
10,Backend Developer,Information Technology,Backend Development,Develops server-side applications and APIs.,Yes,0,8.0,90,84,89,15,8,5,2,3,3,High,Hybrid,No,Low,No,Low,Day,Python|SQL|REST API|Git,Docker|PostgreSQL|FastAPI,Oracle Java SE|AWS Cloud Practitioner,Yes,Senior Backend Developer|Software Architect,API Development|Server-side Programming|Database Design|Scalable Systems|Microservices
11,Frontend Developer,Information Technology,Frontend Development,Builds responsive user interfaces for web applications.,Yes,0,7.0,86,82,84,22,7,4,1,3,4,High,Hybrid,No,Medium,No,Low,Day,JavaScript|Git,REST API,Meta Front-End Developer,Yes,Senior Frontend Developer|UI Architect,UI Development|Responsive Design|JavaScript|User Experience|Web Interfaces
12,Full Stack Developer,Information Technology,Software Development,Develops both frontend and backend components of applications.,No,1,9.0,91,89,91,16,10,5,2,3,3,High,Hybrid,No,Medium,No,Medium,Day,JavaScript|Python|SQL|REST API|Git,Docker|FastAPI,Meta Full-Stack Developer|AWS Cloud Practitioner,Yes,Senior Full Stack Developer|Software Architect,Frontend|Backend|API Integration|Databases|System Development
13,QA Engineer,Information Technology,Quality Assurance,Tests software systems and ensures product quality.,Yes,0,6.5,78,68,75,28,5,2,1,3,4,Medium,Hybrid,No,Low,No,Low,Day,SQL|Git,Python|REST API,ISTQB Foundation,No,Senior QA Engineer|QA Lead|Test Architect,Software Testing|Automation Testing|Quality Assurance|Bug Analysis|Documentation
14,Cloud Engineer,Information Technology,Cloud Computing,"Designs, deploys and manages cloud infrastructure and services.",No,1,9.5,88,80,92,12,9,3,2,3,4,High,Hybrid,Low,Low,No,Medium,Day,AWS|Linux|Docker,Python|Git,AWS Solutions Architect Associate,Yes,Senior Cloud Engineer|Cloud Architect,Cloud Infrastructure|AWS|Deployment|Scalability|Automation
15,DevOps Engineer,Information Technology,DevOps,"Automates software deployment, monitoring and infrastructure management.",No,1,10.0,90,85,93,10,10,4,2,3,3,High,Hybrid,No,Low,No,Medium,Day,Linux|Docker|Git|AWS,Python|CI/CD,AWS DevOps Engineer,Yes,Senior DevOps Engineer|Platform Engineer,CI/CD|Infrastructure Automation|Monitoring|Linux|Cloud Operations
16,Cybersecurity Analyst,Information Technology,Cybersecurity,"Monitors systems, identifies vulnerabilities and protects organizational assets.",Yes,0,8.0,87,76,90,15,8,2,2,3,4,Medium,Hybrid,No,Low,No,Low,Day,Linux|Networking,Python,CompTIA Security+,Yes,Security Engineer|SOC Lead,Security Analysis|Threat Detection|Incident Response|Risk Assessment|Network Security
17,Database Administrator,Information Technology,Database Administration,"Installs, secures and maintains enterprise databases.",No,1,8.5,74,70,72,32,7,2,1,3,4,Medium,Office,No,Low,No,Low,Day,SQL|PostgreSQL|MySQL,Linux,Oracle Database Foundations,No,Senior DBA|Database Architect,Database Administration|Backup|Performance Tuning|SQL|Data Security
18,Network Engineer,Information Technology,Networking,"Designs, configures and maintains enterprise computer networks.",Yes,0,6.8,70,65,68,40,6,1,1,3,4,Low,Office,Medium,Low,No,Medium,Day,Networking|Linux,Python,CCNA,No,Senior Network Engineer|Network Architect,Networking|Infrastructure|Routing|Switching|Network Monitoring
19,Product Manager,Information Technology,Product Management,"Defines product vision, roadmap and collaborates with engineering and business teams.",No,2,16.0,85,90,92,8,12,1,2,5,3,High,Hybrid,Low,High,Yes,High,Day,Business Understanding|Communication|Problem Solving,SQL|Python|Presentation Skills,Product School,Yes,Senior Product Manager|Director of Product,Product Strategy|Leadership|Roadmapping|Stakeholder Management|Business Vision
20,AI Engineer,Information Technology,Artificial Intelligence,Builds AI-powered applications using machine learning and deep learning models.,No,1,14.0,91,94,98,5,12,5,5,3,3,High,Hybrid,No,Medium,No,Medium,Day,Python|TensorFlow|PyTorch|Neural Networks,Generative AI|Docker|AWS,TensorFlow Developer,Yes,Senior AI Engineer|AI Architect,Artificial Intelligence|LLMs|Deep Learning|Model Deployment|Research
21,MLOps Engineer,Information Technology,MLOps,"Deploys, monitors and maintains machine learning systems in production.",No,1,13.5,84,88,95,6,11,4,3,3,3,High,Hybrid,No,Low,No,Medium,Day,Docker|MLflow|Python|Git,AWS|Apache Spark,AWS ML Specialty,Yes,Senior MLOps Engineer|AI Platform Engineer,MLOps|ML Deployment|Monitoring|Automation|Cloud ML
22,Site Reliability Engineer,Information Technology,Infrastructure,"Ensures reliability, scalability and performance of production systems.",No,1,12.0,82,83,90,10,10,4,2,3,3,High,Hybrid,No,Low,No,Medium,Day,Linux|Docker|Git,Python|AWS,Google SRE,Yes,Senior SRE|Platform Engineer,Reliability|Monitoring|Infrastructure|Incident Management|Automation
23,Technical Program Manager,Information Technology,Program Management,Coordinates multiple technical projects across engineering teams.,No,3,18.0,75,87,88,8,14,1,1,5,3,High,Hybrid,Low,High,Yes,High,Day,Communication|Business Understanding|Documentation,SQL|Presentation Skills,PMP,Yes,Senior TPM|Engineering Director,Program Management|Technical Leadership|Cross-functional Coordination|Planning|Communication
24,Data Architect,Information Technology,Data Engineering,"Designs enterprise-scale data architecture, storage and governance strategies.",No,3,18.5,80,89,94,7,16,4,2,4,4,High,Hybrid,Low,Medium,Yes,Medium,Day,SQL|Apache Spark|Data Warehousing|AWS,Kafka|Docker,AWS Data Analytics,Yes,Chief Data Architect|Head of Data Engineering,Data Architecture|Data Governance|Data Modeling|Cloud Data|Enterprise Design
25,Mechanical Design Engineer,Manufacturing and Engineering,Mechanical Engineering,Creates production-ready mechanical drawings and component designs.,Yes,0,2.9,68,62,68,35,5,1,3,3,3,Low,On-site,Low,Low,No,Low,Day,AutoCAD|SolidWorks|Engineering Drawing,Creo|GD&T|Manufacturing Processes,NPTEL|AutoCAD Certification,No,Senior Design Engineer|Product Design Engineer,"['Mechanical Design', 'CAD', 'On-site Work', 'Low Travel']"
26,Production Engineer,Manufacturing and Engineering,Manufacturing Engineering,"Supports safe, efficient shop-floor production and process improvement.",Yes,0,2.4,72,62,68,35,4,1,3,3,3,Low,On-site,Low,Low,No,Low,Day,Manufacturing Processes|Quality Control|Engineering Drawing,AutoCAD|Lean Manufacturing|5S,NPTEL|AutoCAD Certification,No,Senior Production Engineer|Manufacturing Manager,"['Manufacturing', 'Shop-floor Work', 'Process Improvement', 'On-site Work']"
27,Quality Engineer,Manufacturing and Engineering,Quality Engineering,Inspects manufacturing output and improves process and product quality.,Yes,0,2.5,74,62,68,35,4,1,3,3,3,Low,On-site,Low,Low,No,Low,Day,Quality Control|Engineering Drawing|Measurement Tools,Root Cause Analysis|ISO 9001|Six Sigma,NPTEL|AutoCAD Certification,No,Senior Quality Engineer|Quality Manager,"['Quality Inspection', 'Manufacturing', 'Documentation', 'On-site Work']"
28,Maintenance Engineer,Manufacturing and Engineering,Maintenance Engineering,Maintains plant equipment through preventive and breakdown maintenance.,Yes,0,3.2,70,62,68,35,5,1,3,3,3,Low,On-site,Low,Low,No,Low,Day,Mechanical Maintenance|Preventive Maintenance|Engineering Drawing,Hydraulics|Pneumatics|PLC,NPTEL|AutoCAD Certification,No,Senior Maintenance Engineer|Maintenance Manager,"['Plant Maintenance', 'Manufacturing', 'On-site Work', 'Low Travel']"
29,Graduate Engineer Trainee (Mechanical),Manufacturing and Engineering,Mechanical Engineering,"Builds hands-on manufacturing, quality, and maintenance experience under supervision.",Yes,0,2.5,76,62,68,35,3,1,3,3,3,Low,On-site,Low,Low,No,Low,Day,Engineering Drawing|Manufacturing Processes|Communication,AutoCAD|Quality Control|Excel,NPTEL|AutoCAD Certification,No,Production Engineer|Quality Engineer|Mechanical Design Engineer,"['Graduate Training', 'Manufacturing', 'On-site Work', 'Low Travel']"
